--
-- PostgreSQL database dump
--

-- Dumped from database version 15.1
-- Dumped by pg_dump version 15.1

-- Started on 2022-12-09 12:43:58

SET statement_timeout = 0;
SET lock_timeout = 0;
SET idle_in_transaction_session_timeout = 0;
SET client_encoding = 'UTF8';
SET standard_conforming_strings = on;
SELECT pg_catalog.set_config('search_path', '', false);
SET check_function_bodies = false;
SET xmloption = content;
SET client_min_messages = warning;
SET row_security = off;

SET default_tablespace = '';

SET default_table_access_method = heap;

--
-- TOC entry 215 (class 1259 OID 32937)
-- Name: category; Type: TABLE; Schema: public; Owner: postgres
--

CREATE TABLE public.category (
    id integer NOT NULL,
    name character varying(255)
);


ALTER TABLE public.category OWNER TO postgres;

--
-- TOC entry 214 (class 1259 OID 32936)
-- Name: category_id_seq; Type: SEQUENCE; Schema: public; Owner: postgres
--

ALTER TABLE public.category ALTER COLUMN id ADD GENERATED BY DEFAULT AS IDENTITY (
    SEQUENCE NAME public.category_id_seq
    START WITH 1
    INCREMENT BY 1
    NO MINVALUE
    NO MAXVALUE
    CACHE 1
);


--
-- TOC entry 217 (class 1259 OID 32943)
-- Name: image; Type: TABLE; Schema: public; Owner: postgres
--

CREATE TABLE public.image (
    id integer NOT NULL,
    file_name character varying(255),
    product_id integer NOT NULL
);


ALTER TABLE public.image OWNER TO postgres;

--
-- TOC entry 216 (class 1259 OID 32942)
-- Name: image_id_seq; Type: SEQUENCE; Schema: public; Owner: postgres
--

ALTER TABLE public.image ALTER COLUMN id ADD GENERATED BY DEFAULT AS IDENTITY (
    SEQUENCE NAME public.image_id_seq
    START WITH 1
    INCREMENT BY 1
    NO MINVALUE
    NO MAXVALUE
    CACHE 1
);


--
-- TOC entry 219 (class 1259 OID 32949)
-- Name: orders; Type: TABLE; Schema: public; Owner: postgres
--

CREATE TABLE public.orders (
    id integer NOT NULL,
    count integer NOT NULL,
    date_time timestamp without time zone,
    number character varying(255),
    price real NOT NULL,
    status integer,
    person_id integer NOT NULL,
    product_id integer NOT NULL
);


ALTER TABLE public.orders OWNER TO postgres;

--
-- TOC entry 218 (class 1259 OID 32948)
-- Name: orders_id_seq; Type: SEQUENCE; Schema: public; Owner: postgres
--

ALTER TABLE public.orders ALTER COLUMN id ADD GENERATED BY DEFAULT AS IDENTITY (
    SEQUENCE NAME public.orders_id_seq
    START WITH 1
    INCREMENT BY 1
    NO MINVALUE
    NO MAXVALUE
    CACHE 1
);


--
-- TOC entry 221 (class 1259 OID 32955)
-- Name: person; Type: TABLE; Schema: public; Owner: postgres
--

CREATE TABLE public.person (
    id integer NOT NULL,
    login character varying(50),
    password character varying(255),
    role character varying(255)
);


ALTER TABLE public.person OWNER TO postgres;

--
-- TOC entry 220 (class 1259 OID 32954)
-- Name: person_id_seq; Type: SEQUENCE; Schema: public; Owner: postgres
--

ALTER TABLE public.person ALTER COLUMN id ADD GENERATED BY DEFAULT AS IDENTITY (
    SEQUENCE NAME public.person_id_seq
    START WITH 1
    INCREMENT BY 1
    NO MINVALUE
    NO MAXVALUE
    CACHE 1
);


--
-- TOC entry 223 (class 1259 OID 32963)
-- Name: product; Type: TABLE; Schema: public; Owner: postgres
--

CREATE TABLE public.product (
    id integer NOT NULL,
    date_time_of_created timestamp without time zone,
    description text NOT NULL,
    price real NOT NULL,
    seller character varying(255) NOT NULL,
    title text NOT NULL,
    warehouse character varying(255) NOT NULL,
    category_id integer NOT NULL,
    CONSTRAINT product_price_check CHECK ((price >= (1)::double precision))
);


ALTER TABLE public.product OWNER TO postgres;

--
-- TOC entry 225 (class 1259 OID 32972)
-- Name: product_cart; Type: TABLE; Schema: public; Owner: postgres
--

CREATE TABLE public.product_cart (
    id integer NOT NULL,
    person_id integer,
    product_id integer
);


ALTER TABLE public.product_cart OWNER TO postgres;

--
-- TOC entry 224 (class 1259 OID 32971)
-- Name: product_cart_id_seq; Type: SEQUENCE; Schema: public; Owner: postgres
--

ALTER TABLE public.product_cart ALTER COLUMN id ADD GENERATED BY DEFAULT AS IDENTITY (
    SEQUENCE NAME public.product_cart_id_seq
    START WITH 1
    INCREMENT BY 1
    NO MINVALUE
    NO MAXVALUE
    CACHE 1
);


--
-- TOC entry 222 (class 1259 OID 32962)
-- Name: product_id_seq; Type: SEQUENCE; Schema: public; Owner: postgres
--

ALTER TABLE public.product ALTER COLUMN id ADD GENERATED BY DEFAULT AS IDENTITY (
    SEQUENCE NAME public.product_id_seq
    START WITH 1
    INCREMENT BY 1
    NO MINVALUE
    NO MAXVALUE
    CACHE 1
);


--
-- TOC entry 3362 (class 0 OID 32937)
-- Dependencies: 215
-- Data for Name: category; Type: TABLE DATA; Schema: public; Owner: postgres
--

INSERT INTO public.category (id, name) VALUES (1, 'clothes');
INSERT INTO public.category (id, name) VALUES (2, 'furniture');
INSERT INTO public.category (id, name) VALUES (3, 'appliances');


--
-- TOC entry 3364 (class 0 OID 32943)
-- Dependencies: 217
-- Data for Name: image; Type: TABLE DATA; Schema: public; Owner: postgres
--

INSERT INTO public.image (id, file_name, product_id) VALUES (11, 'b00bb13a-de1c-40e4-b438-0b1d697c9755.d1.jpg', 3);
INSERT INTO public.image (id, file_name, product_id) VALUES (12, 'defb1a0d-8d6c-4b52-aee8-beef54c6bdd5.d2.jpg', 3);
INSERT INTO public.image (id, file_name, product_id) VALUES (13, '7cb65a8d-0883-4a6f-898d-b02807a5cf3b.d3.jpg', 3);
INSERT INTO public.image (id, file_name, product_id) VALUES (14, '39de87ab-89ca-43e0-8369-40d678d93f36.d4.jpg', 3);
INSERT INTO public.image (id, file_name, product_id) VALUES (15, 'b85c1b38-5b0d-4c3c-b667-4443a4415f17.d5.jpg', 3);
INSERT INTO public.image (id, file_name, product_id) VALUES (36, '80f79fd1-ec14-453a-a7b8-1802eecf201d.b1.jpg', 8);
INSERT INTO public.image (id, file_name, product_id) VALUES (37, '173a87a4-c870-4622-8260-bd69c73dbc19.b2.jpg', 8);
INSERT INTO public.image (id, file_name, product_id) VALUES (38, 'b5a846d6-b727-4f98-acfd-0e2fc3304314.b3.jpg', 8);
INSERT INTO public.image (id, file_name, product_id) VALUES (39, '7ac1fbb4-7ac9-4b52-b460-2de5d4651158.b4.jpg', 8);
INSERT INTO public.image (id, file_name, product_id) VALUES (40, 'e9888017-c279-4e7f-aa41-9c1a7fd49c10.b5.jpg', 8);
INSERT INTO public.image (id, file_name, product_id) VALUES (41, 'd105ca99-57cd-4b78-a601-475594998b0d.c1.jpg', 10);
INSERT INTO public.image (id, file_name, product_id) VALUES (42, '3243c8db-1445-4204-aee6-994e3493c66b.c2.jpg', 10);
INSERT INTO public.image (id, file_name, product_id) VALUES (43, 'ae2365f0-860e-4737-838d-4830ddb7a998.c3.jpg', 10);
INSERT INTO public.image (id, file_name, product_id) VALUES (44, '11d763e4-582b-4d75-911e-b90bacd9cfed.c4.jpg', 10);
INSERT INTO public.image (id, file_name, product_id) VALUES (45, '4021a572-52fe-47b6-a52b-1b999335c231.c5.jpg', 10);
INSERT INTO public.image (id, file_name, product_id) VALUES (46, '2927b83e-a230-48d9-8cb8-eeb67486b18a.e1.jpg', 11);
INSERT INTO public.image (id, file_name, product_id) VALUES (47, 'd2e82c80-3f97-41f6-b59d-2632bee47525.e2.jpg', 11);
INSERT INTO public.image (id, file_name, product_id) VALUES (48, '6a41a190-cc54-4389-a782-b4413f6e4289.e3.jpg', 11);
INSERT INTO public.image (id, file_name, product_id) VALUES (49, '27756874-efed-47de-8a69-f32289744c2c.e4.jpg', 11);
INSERT INTO public.image (id, file_name, product_id) VALUES (50, 'b341e562-ed50-4871-86a3-d606e6967041.e5.jpg', 11);
INSERT INTO public.image (id, file_name, product_id) VALUES (51, '6866ee98-34ad-4e47-9a1e-dc2626d47a8f.d1.jpg', 12);
INSERT INTO public.image (id, file_name, product_id) VALUES (52, '5a201e9f-ac77-4031-b684-136f8c522f85.d2.jpg', 12);
INSERT INTO public.image (id, file_name, product_id) VALUES (53, '795f9b14-0551-4a6e-97ab-5dca6500fb8d.d3.jpg', 12);
INSERT INTO public.image (id, file_name, product_id) VALUES (54, 'f0631045-593a-46bb-9a2e-c2f316746b8d.d4.jpg', 12);
INSERT INTO public.image (id, file_name, product_id) VALUES (55, '6e7540dd-7461-4f5d-bc1d-d15f499bdf48.d5.jpg', 12);


--
-- TOC entry 3366 (class 0 OID 32949)
-- Dependencies: 219
-- Data for Name: orders; Type: TABLE DATA; Schema: public; Owner: postgres
--



--
-- TOC entry 3368 (class 0 OID 32955)
-- Dependencies: 221
-- Data for Name: person; Type: TABLE DATA; Schema: public; Owner: postgres
--

INSERT INTO public.person (id, login, password, role) VALUES (2, 'user1', '$2a$10$boe41sZIHi9D.EZmgvsu1.gz1clBVw5nq9JwEvTUlTEB9Ka7PvQIa', 'ROLE_USER');
INSERT INTO public.person (id, login, password, role) VALUES (1, 'sanyok', '$2a$10$Gog2AFILKCXSrQdHAx108eGFeM90No5lVRooCGZbqqg9Ocg8iQeIe', 'ROLE_ADMIN');
INSERT INTO public.person (id, login, password, role) VALUES (3, 'user0', '$2a$10$nMfwHPefsaba9qxyK0hWeOIxXUANV.NzMOZnT52v.1KWOVNmtIJ3S', 'ROLE_USER');


--
-- TOC entry 3370 (class 0 OID 32963)
-- Dependencies: 223
-- Data for Name: product; Type: TABLE DATA; Schema: public; Owner: postgres
--

INSERT INTO public.product (id, date_time_of_created, description, price, seller, title, warehouse, category_id) VALUES (3, NULL, 'Этот ноутбук создан для тех, кто хочет получить качественное и производительное компьютерное устройство с наиболее востребованным функционалом. Данная модель полностью удовлетворяет данные требования. Надежный накопитель предоставляет вам возможности для долговременного хранения необходимой виртуальной информации. Устройство оборудовано веб-камерой и микрофоном, благодаря которым вы сможете организовывать видеоконференции с партнерами по бизнесу и коллегами по работе.', 14999, 'irbis', '14.1" Ноутбук Irbis NB270 белый', 'Коледино', 3);
INSERT INTO public.product (id, date_time_of_created, description, price, seller, title, warehouse, category_id) VALUES (8, NULL, 'В основу аппарата положен процессор Unisoc Tiger T310. Чип объединяет четыре вычислительных ядра. Смартфон Oukitel C25 несет на борту 4 Гбайт оперативной памяти. Флеш-накопитель вместимостью 32 Гбайт можно дополнить картой microSD: ее емкость может составлять до 256 Гбайт.
Смартфон оборудован дисплеем формата HD+ с разрешением 720×1600 точек. Размер экрана составляет 6,52 дюйма по диагонали. В верхней части панели имеется небольшой вырез для фронтальной камеры на основе 8-мегапиксельного сенсора Sony IMX355.
В тыльной части находится трехкомпонентная камера. Она содержит 13-мегапиксельный основной датчик, 0,3-мегапиксельный сенсор для получения сведений о глубине сцены и еще один 0,3-мегапиксельный модуль. Кроме того, на задней панели корпуса размещен дактилоскопический сканер для опознавания пользователей по отпечаткам пальцев. За питание отвечает мощная аккумуляторная батарея - емкостью 5000 мА•ч
', 6699, 'OZON', '52" Смартфон Oukitel C25 32 черный', 'Китай', 3);
INSERT INTO public.product (id, date_time_of_created, description, price, seller, title, warehouse, category_id) VALUES (12, NULL, 'Этот ноутбук создан для тех, кто хочет получить качественное и производительное компьютерное устройство с наиболее востребованным функционалом. Данная модель полностью удовлетворяет данные требования. Надежный накопитель предоставляет вам возможности для долговременного хранения необходимой виртуальной информации. Устройство оборудовано веб-камерой и микрофоном, благодаря которым вы сможете организовывать видеоконференции с партнерами по бизнесу и коллегами по работе', 14999, 'DNS', '14.1" Ноутбук Irbis NB270 ', 'China', 1);
INSERT INTO public.product (id, date_time_of_created, description, price, seller, title, warehouse, category_id) VALUES (11, NULL, 'Лучшие творческие работы – результат точного расчета. Продукты MSI выходят под девизом «Технология и эстетика». Ноутбук-трансформер Summit E13 Flip раскладывается на 360 градусов, а соотношение сторон дисплея 16:10 воплощает в себе концепцию золотого сечения. В аппаратную конфигурацию устройства, сертифицированную по стандарту Intel Evo, входит высокопроизводительный процессор Intel Core i5', 92399, 'DNS', '13.4" Ультрабук MSI Summit ', 'Vietnam', 1);
INSERT INTO public.product (id, date_time_of_created, description, price, seller, title, warehouse, category_id) VALUES (10, NULL, 'HUAWEI Mate Xs 2 имеет складывающуюся наружу конструкцию «Крыло сокола». В сложенном состоянии дисплей прочно удерживается на месте с помощью механизма защелки, а когда его отпускают, он частично открывается благодаря подпружиненному шарниру.
Корпус выполнен из титанового сплава авиационного класса, сверхлегкого стеклопластика, сверхлегкой и сверхпрочной стали. В развернутом виде самая тонкая часть имеет толщину всего 5.4 мм, а весит он всего 255 грамм. Кроме того, устройство имеет материал из микрофибры на задней панели, что придает устройству превосходный вид в развернутом виде.
Производитель предлагает 6,5-дюймовый сложенный OLED экран, который расширяется до 7,8-дюймов в развернутом виде. Разрешение 2480 x 2200 пикселей в развернутом и 2480 x 1176 пикселей в сложенном виде.
Панель дисплея имеет частоту обновления 120 Гц, частоту дискретизации касания 240 Гц, затемнение ШИМ 1440 Гц и плотность пикселей 424 ppi.
Под крышкой смартфона находится SoC Snapdragon 888 4G с графическим процессором Adreno 660 на борту. Он поставляется в одной 8 ГБ + 512 ГБ конфигурации. Впрочем, память можно расширить до 256 ГБ с помощью карты памяти Huawei Nano.
оснащен 4600 мАч аккумулятором с поддержкой 66w быстрой зарядки. Для управления температурой в устройство встроена система жидкостного охлаждения Graphene.
Что касается оптики, имеет тройную заднюю камеру, состоящую из 50-мегапиксельной основной камеры с диафрагмой f/1,8, 13-мегапиксельной сверхширокой камеры с диафрагмой f/2,2 и 8-мегапиксельного телеобъектива с диафрагмой f/2,4, OIS и 3-х оптическим зумом. На панели камеры также находится датчик лазерной фокусировки. На передней панели устройства находится 10,7-мегапиксельная сверхширокоугольная камера с диафрагмой f/2,2.
', 139999, 'Yandex', '7.8" Планшет HUAWEI Mate Xs 2 512 ГБ ', 'China', 2);


--
-- TOC entry 3372 (class 0 OID 32972)
-- Dependencies: 225
-- Data for Name: product_cart; Type: TABLE DATA; Schema: public; Owner: postgres
--



--
-- TOC entry 3378 (class 0 OID 0)
-- Dependencies: 214
-- Name: category_id_seq; Type: SEQUENCE SET; Schema: public; Owner: postgres
--

SELECT pg_catalog.setval('public.category_id_seq', 3, true);


--
-- TOC entry 3379 (class 0 OID 0)
-- Dependencies: 216
-- Name: image_id_seq; Type: SEQUENCE SET; Schema: public; Owner: postgres
--

SELECT pg_catalog.setval('public.image_id_seq', 55, true);


--
-- TOC entry 3380 (class 0 OID 0)
-- Dependencies: 218
-- Name: orders_id_seq; Type: SEQUENCE SET; Schema: public; Owner: postgres
--

SELECT pg_catalog.setval('public.orders_id_seq', 4, true);


--
-- TOC entry 3381 (class 0 OID 0)
-- Dependencies: 220
-- Name: person_id_seq; Type: SEQUENCE SET; Schema: public; Owner: postgres
--

SELECT pg_catalog.setval('public.person_id_seq', 3, true);


--
-- TOC entry 3382 (class 0 OID 0)
-- Dependencies: 224
-- Name: product_cart_id_seq; Type: SEQUENCE SET; Schema: public; Owner: postgres
--

SELECT pg_catalog.setval('public.product_cart_id_seq', 15, true);


--
-- TOC entry 3383 (class 0 OID 0)
-- Dependencies: 222
-- Name: product_id_seq; Type: SEQUENCE SET; Schema: public; Owner: postgres
--

SELECT pg_catalog.setval('public.product_id_seq', 12, true);


--
-- TOC entry 3200 (class 2606 OID 32941)
-- Name: category category_pkey; Type: CONSTRAINT; Schema: public; Owner: postgres
--

ALTER TABLE ONLY public.category
    ADD CONSTRAINT category_pkey PRIMARY KEY (id);


--
-- TOC entry 3202 (class 2606 OID 32947)
-- Name: image image_pkey; Type: CONSTRAINT; Schema: public; Owner: postgres
--

ALTER TABLE ONLY public.image
    ADD CONSTRAINT image_pkey PRIMARY KEY (id);


--
-- TOC entry 3204 (class 2606 OID 32953)
-- Name: orders orders_pkey; Type: CONSTRAINT; Schema: public; Owner: postgres
--

ALTER TABLE ONLY public.orders
    ADD CONSTRAINT orders_pkey PRIMARY KEY (id);


--
-- TOC entry 3206 (class 2606 OID 32961)
-- Name: person person_pkey; Type: CONSTRAINT; Schema: public; Owner: postgres
--

ALTER TABLE ONLY public.person
    ADD CONSTRAINT person_pkey PRIMARY KEY (id);


--
-- TOC entry 3212 (class 2606 OID 32976)
-- Name: product_cart product_cart_pkey; Type: CONSTRAINT; Schema: public; Owner: postgres
--

ALTER TABLE ONLY public.product_cart
    ADD CONSTRAINT product_cart_pkey PRIMARY KEY (id);


--
-- TOC entry 3208 (class 2606 OID 32970)
-- Name: product product_pkey; Type: CONSTRAINT; Schema: public; Owner: postgres
--

ALTER TABLE ONLY public.product
    ADD CONSTRAINT product_pkey PRIMARY KEY (id);


--
-- TOC entry 3210 (class 2606 OID 32978)
-- Name: product uk_qka6vxqdy1dprtqnx9trdd47c; Type: CONSTRAINT; Schema: public; Owner: postgres
--

ALTER TABLE ONLY public.product
    ADD CONSTRAINT uk_qka6vxqdy1dprtqnx9trdd47c UNIQUE (title);


--
-- TOC entry 3214 (class 2606 OID 32984)
-- Name: orders fk1b0m4muwx1t377w9if3w6wwqn; Type: FK CONSTRAINT; Schema: public; Owner: postgres
--

ALTER TABLE ONLY public.orders
    ADD CONSTRAINT fk1b0m4muwx1t377w9if3w6wwqn FOREIGN KEY (person_id) REFERENCES public.person(id);


--
-- TOC entry 3216 (class 2606 OID 32994)
-- Name: product fk1mtsbur82frn64de7balymq9s; Type: FK CONSTRAINT; Schema: public; Owner: postgres
--

ALTER TABLE ONLY public.product
    ADD CONSTRAINT fk1mtsbur82frn64de7balymq9s FOREIGN KEY (category_id) REFERENCES public.category(id);


--
-- TOC entry 3215 (class 2606 OID 32989)
-- Name: orders fk787ibr3guwp6xobrpbofnv7le; Type: FK CONSTRAINT; Schema: public; Owner: postgres
--

ALTER TABLE ONLY public.orders
    ADD CONSTRAINT fk787ibr3guwp6xobrpbofnv7le FOREIGN KEY (product_id) REFERENCES public.product(id);


--
-- TOC entry 3213 (class 2606 OID 32979)
-- Name: image fkgpextbyee3uk9u6o2381m7ft1; Type: FK CONSTRAINT; Schema: public; Owner: postgres
--

ALTER TABLE ONLY public.image
    ADD CONSTRAINT fkgpextbyee3uk9u6o2381m7ft1 FOREIGN KEY (product_id) REFERENCES public.product(id);


--
-- TOC entry 3217 (class 2606 OID 33004)
-- Name: product_cart fkhpnrxdy3jhujameyod08ilvvw; Type: FK CONSTRAINT; Schema: public; Owner: postgres
--

ALTER TABLE ONLY public.product_cart
    ADD CONSTRAINT fkhpnrxdy3jhujameyod08ilvvw FOREIGN KEY (product_id) REFERENCES public.product(id);


--
-- TOC entry 3218 (class 2606 OID 32999)
-- Name: product_cart fksgnkc1ko2i1o9yr2p63ysq3rn; Type: FK CONSTRAINT; Schema: public; Owner: postgres
--

ALTER TABLE ONLY public.product_cart
    ADD CONSTRAINT fksgnkc1ko2i1o9yr2p63ysq3rn FOREIGN KEY (person_id) REFERENCES public.person(id);


-- Completed on 2022-12-09 12:43:59

--
-- PostgreSQL database dump complete
--

